run_id,config_hash,timestamp,git_commit,hostname,model,runtime,precision,device,input_res,batch_size,power_mode,clocks_locked,fan,host_profile,warmup_frames,n_frames,duration_s,cold_start_ms,engine_p50_ms,engine_p95_ms,engine_mean_ms,e2e_p50_ms,e2e_p95_ms,e2e_mean_ms,capture_ms,preprocess_ms,inference_ms,postprocess_ms,fps_engine,fps_end_to_end,fps_sustained_last_60s,mean_detections,peak_mem_mb,gpu_temp_max_c,throttled,notes
8487c5b8c935,3004cfbd,2026-09-04T11:25:27,faab8d8-dirty,RaviTeja,yolov5nu,pytorch,fp32,cpu,640,1,n/a,FALSE,TRUE,balanced-battery-gpufan-off,50,500,80.31,8032.87,171.318,188.678,132.954,204.162,229.755,160.598,5.32,16.829,132.954,5.479,7.52,6.23,4.88,8.27,484.1,,,"cpu fp32, gpu fan detached, run 1"
f0172690763a,231e59ef,2026-09-04T11:26:28,faab8d8-dirty,RaviTeja,yolov5nu,pytorch,fp32,cpu,640,1,n/a,FALSE,TRUE,best-performance-mains-gpufan-off,50,500,32.18,1740.09,50.417,58.952,51.544,62.899,74.689,64.361,2.789,7.574,51.544,2.445,19.4,15.54,,8.27,475.2,,,"cpu fp32, mains, gpu fan detached, run 1"
6fc7773acc4a,231e59ef,2026-09-04T11:28:10,faab8d8-dirty,RaviTeja,yolov5nu,pytorch,fp32,cpu,640,1,n/a,FALSE,TRUE,best-performance-mains-gpufan-off,50,500,28.7,1778.99,46.972,51.989,47.11,57.159,63.341,57.402,2.346,5.856,47.11,2.082,21.23,17.42,,8.27,483.9,,,"cpu fp32, mains, gpu fan detached, run 2"
7498de710528,231e59ef,2026-09-04T11:30:10,faab8d8-dirty,RaviTeja,yolov5nu,pytorch,fp32,cpu,640,1,n/a,FALSE,TRUE,best-performance-mains-gpufan-off,50,500,29.87,1831.42,46.894,53.966,47.762,58.323,68.168,59.722,2.728,6.943,47.762,2.283,20.94,16.74,,8.27,482.7,,,"cpu fp32, mains, gpu fan detached, run 3"
c98caf993b78,d2e96e73,2026-09-05T12:08:27,05ee831,raviteja-pc,yolov5nu,tensorrt,fp16,cuda,640,1,MAXN,FALSE,TRUE,jetson-10w-clocks-locked,50,200,16.1,9529.89,51.659,51.747,51.665,80.184,80.533,80.46,5.924,13.935,51.665,8.917,19.36,12.43,,7.55,1074.5,32,,"nano tensorrt fp16, first run, 200-frame smoke test, clocks_locked field recorded incorrectly"
e5101208fcf5,5c57d441,2026-09-05T12:13:32,05ee831-dirty,raviteja-pc,yolov5nu,tensorrt,fp16,cuda,640,1,MAXN,TRUE,FALSE,jetson-10w-clocks-locked-fan-off,50,500,39.87,4232.7,51.652,51.919,51.678,79.557,80.273,79.722,5.707,13.764,51.678,8.555,19.35,12.54,,8.32,1073.2,37.5,,nano tensorrt fp16 run 1
e40b7931711b,5c57d441,2026-09-05T12:15:49,05ee831-dirty,raviteja-pc,yolov5nu,tensorrt,fp16,cuda,640,1,MAXN,TRUE,FALSE,jetson-10w-clocks-locked-fan-off,50,500,39.86,4054.62,51.685,51.945,51.7,79.554,80.402,79.692,5.716,13.605,51.7,8.653,19.34,12.54,,8.32,1076.4,40,,nano tensorrt fp16 run 2
04fafee221d6,5c57d441,2026-09-05T12:16:59,05ee831-dirty,raviteja-pc,yolov5nu,tensorrt,fp16,cuda,640,1,MAXN,TRUE,FALSE,jetson-10w-clocks-locked-fan-off,50,500,40.18,4055.56,51.963,52.18,51.906,80.259,80.845,80.34,5.674,13.632,51.906,9.11,19.27,12.44,,8.32,1071.3,42.5,,nano tensorrt fp16 run 3
bda38a6e9269,89fe0d95,2026-09-05T12:47:27,3f416a5-dirty,RaviTeja,yolov5nu,torchscript,fp32,cuda,640,1,n/a,FALSE,TRUE,whisper-fan-mains-gpufan-off,50,200,19.88,7396.32,67.9,69.388,67.854,104.123,109.735,99.381,6.785,18.756,67.854,5.968,14.74,10.06,,7.5,4994.6,,,torchscript smoke test
b3bdf467ca46,89fe0d95,2026-09-05T12:49:59,3f416a5-dirty,RaviTeja,yolov5nu,torchscript,fp32,cuda,640,1,n/a,FALSE,TRUE,whisper-fan-mains-gpufan-off,50,200,7,3918.62,24.627,26.115,24.777,34.563,36.977,34.999,2.365,6.004,24.777,1.846,40.36,28.57,,7.5,4995.1,,,"torchscript smoke test, windows best-perf but vendor fan whisper"
5cb729aaf975,89fe0d95,2026-09-05T12:51:30,3f416a5-dirty,RaviTeja,yolov5nu,torchscript,fp32,cuda,640,1,n/a,FALSE,TRUE,whisper-fan-mains-gpufan-off,200,200,11.34,3632.32,65.954,66.83,47.782,74.117,76.496,56.714,2.191,4.936,47.782,1.795,20.93,17.63,,7.5,4994.6,,,"torchscript, 200 warmup frames"
4a16b82fcf12,89fe0d95,2026-09-05T12:53:11,3f416a5-dirty,RaviTeja,yolov5nu,torchscript,fp32,cuda,640,1,n/a,FALSE,TRUE,whisper-fan-mains-gpufan-off,50,200,14.93,3832.66,66.18,67.116,66.301,74.227,76.677,74.659,1.987,4.719,66.301,1.645,15.08,13.39,,7.5,4994.8,,,"torchscript, checking clocks"
e0555fcefbb1,c59b7271,2026-09-05T12:56:27,3f416a5-dirty,RaviTeja,yolov5nu,torchscript,fp32,cuda,640,1,n/a,FALSE,TRUE,best-performance-mains-cpufan-perf-gpufan-off,50,200,3.76,3309.81,8.299,11.022,8.689,18.225,21.335,18.809,2.407,5.855,8.689,1.854,115.09,53.15,,7.5,4994.4,,,"torchscript, cpu fan performance"
ffc3153488cc,6e6f2bae,2026-09-05T13:03:26,3f416a5-dirty,RaviTeja,yolov5nu,pytorch,fp32,cuda,640,1,n/a,FALSE,TRUE,best-performance-mains-cpufan-perf-gpufan-off,50,500,12.28,3472.84,12.882,19.853,13.858,23.784,30.626,24.563,2.391,6.385,13.858,1.923,72.16,40.7,,8.27,5113.4,,,pytorch fp32 clean 1
ae247d384ff7,c59b7271,2026-09-05T13:03:58,3f416a5-dirty,RaviTeja,yolov5nu,torchscript,fp32,cuda,640,1,n/a,FALSE,TRUE,best-performance-mains-cpufan-perf-gpufan-off,50,500,10.26,3866.04,8.967,11.791,9.248,20.272,24.431,20.516,2.514,6.654,9.248,2.093,108.13,48.73,,8.27,4992.9,,,torchscript fp32 clean 1
1f020ce1db8c,6e6f2bae,2026-09-05T13:04:29,3f416a5-dirty,RaviTeja,yolov5nu,pytorch,fp32,cuda,640,1,n/a,FALSE,TRUE,best-performance-mains-cpufan-perf-gpufan-off,50,500,12.34,6441.46,12.901,19.277,13.911,23.717,30.398,24.67,2.482,6.325,13.911,1.946,71.89,40.53,,8.27,5112.5,,,pytorch fp32 clean 2
af5719eb4cbd,c59b7271,2026-09-05T13:04:58,3f416a5-dirty,RaviTeja,yolov5nu,torchscript,fp32,cuda,640,1,n/a,FALSE,TRUE,best-performance-mains-cpufan-perf-gpufan-off,50,500,7.94,3365.55,7.243,10.981,7.764,15.353,19.108,15.866,1.812,4.657,7.764,1.628,128.79,63,,8.27,4996.1,,,torchscript fp32 clean 2
a780288dc3ac,6e6f2bae,2026-09-05T13:05:23,3f416a5-dirty,RaviTeja,yolov5nu,pytorch,fp32,cuda,640,1,n/a,FALSE,TRUE,best-performance-mains-cpufan-perf-gpufan-off,50,500,11.37,3410.72,12.663,17.061,13.105,22.157,28.636,22.737,2.26,5.558,13.105,1.809,76.31,43.97,,8.27,5109.9,,,pytorch fp32 clean 3
78c82de2256f,c59b7271,2026-09-05T13:05:48,3f416a5-dirty,RaviTeja,yolov5nu,torchscript,fp32,cuda,640,1,n/a,FALSE,TRUE,best-performance-mains-cpufan-perf-gpufan-off,50,500,8.24,3473.24,7.359,11.654,7.971,15.695,20.682,16.473,1.901,4.904,7.971,1.691,125.46,60.68,,8.27,4993.7,,,torchscript fp32 clean 3
1b83aa03585f,3c7f17de,2026-09-05T13:28:19,40e7067,raviteja-pc,yolov5nu,torchscript,fp32,cuda,640,1,MAXN,true,false,jetson-10w-clocks-locked-fan-off,50,200,24.46,21372.97,92.513,92.855,92.539,121.209,122.491,122.274,6.374,14.221,92.539,9.119,10.81,8.18,,7.57,1149.3,36.0,,nano torchscript fp32 smoke test
dc6618f24b87,3c7f17de,2026-09-05T13:32:10,40e7067-dirty,raviteja-pc,yolov5nu,torchscript,fp32,cuda,640,1,MAXN,true,false,jetson-10w-clocks-locked-fan-off,50,500,60.52,23327.83,92.475,93.299,92.615,120.966,122.206,121.015,5.837,13.906,92.615,8.638,10.8,8.26,8.3,8.33,1171.0,42.5,,nano torchscript fp32 run 1
7742712443ca,3c7f17de,2026-09-05T13:34:54,40e7067-dirty,raviteja-pc,yolov5nu,torchscript,fp32,cuda,640,1,MAXN,true,false,jetson-10w-clocks-locked-fan-off,50,500,61.32,24624.63,93.411,93.732,93.434,122.265,123.101,122.625,5.899,14.023,93.434,9.25,10.7,8.15,8.19,8.33,1151.7,46.5,,nano torchscript fp32 run 2
ee9153568918,3c7f17de,2026-09-05T13:37:37,40e7067-dirty,raviteja-pc,yolov5nu,torchscript,fp32,cuda,640,1,MAXN,true,false,jetson-10w-clocks-locked-fan-off,50,500,60.9,24953.34,93.42,93.678,93.412,122.077,122.804,121.785,5.91,13.984,93.412,8.46,10.71,8.21,8.25,8.33,1121.5,49.5,,nano torchscript fp32 run 3
a84aac11c5fd,5c57d441,2026-09-06T12:54:31,2542dfa,raviteja-pc,yolov5nu,tensorrt,fp16,cuda,640,1,MAXN,true,false,jetson-10w-clocks-locked-fan-off,50,500,39.65,8091.44,50.554,50.854,50.509,79.13,79.866,79.276,5.717,13.949,50.509,9.083,19.8,12.61,,8.32,1084.4,41.5,,"tensorrt fp16, rebuilt engine, run 1"
68e519f12198,5c57d441,2026-09-06T12:56:09,2542dfa-dirty,raviteja-pc,yolov5nu,tensorrt,fp16,cuda,640,1,MAXN,true,false,jetson-10w-clocks-locked-fan-off,50,500,39.75,4265.63,50.652,50.895,50.675,79.321,79.953,79.476,5.709,13.948,50.675,9.127,19.73,12.58,,8.32,1088.3,43.0,,"tensorrt fp16, rebuilt engine, run 2"
3580ce8efd92,5c57d441,2026-09-06T12:58:13,2542dfa-dirty,raviteja-pc,yolov5nu,tensorrt,fp16,cuda,640,1,MAXN,true,false,jetson-10w-clocks-locked-fan-off,50,500,39.67,4116.08,50.724,50.934,50.741,79.191,79.76,79.325,5.714,13.842,50.741,9.01,19.71,12.6,,8.32,1085.3,44.0,,"tensorrt fp16, rebuilt engine, run 3"
38694b1f8b7b,1661061f,2026-09-06T13:15:37,795fcdc,raviteja-pc,yolov5nu,tensorrt,fp32,cuda,640,1,MAXN,true,false,jetson-10w-clocks-locked-fan-off,50,500,49.95,4310.41,70.888,71.386,70.875,99.626,101.162,99.863,5.793,14.01,70.875,9.167,14.11,10.01,,8.33,1411.0,44.0,,tensorrt fp32 run 1
8a8e0b0b2c8a,1661061f,2026-09-06T13:17:04,795fcdc-dirty,raviteja-pc,yolov5nu,tensorrt,fp32,cuda,640,1,MAXN,true,false,jetson-10w-clocks-locked-fan-off,50,500,49.69,4989.06,70.86,71.204,70.893,99.299,100.055,99.353,5.78,13.899,70.893,8.762,14.11,10.06,,8.33,1433.7,46.0,,tensorrt fp32 run 2
3ebedcc5baf1,1661061f,2026-09-06T13:18:13,795fcdc-dirty,raviteja-pc,yolov5nu,tensorrt,fp32,cuda,640,1,MAXN,true,false,jetson-10w-clocks-locked-fan-off,50,500,49.73,4636.95,70.88,71.218,70.899,99.421,100.236,99.442,5.736,13.963,70.899,8.828,14.1,10.05,,8.33,1398.9,48.5,,tensorrt fp32 run 3
